{"jekyll": {"results": [{"min": 1.0032095134999999, "max": 1.1714019135, "median": 1.0537506134999999, "system": 0.12999999999999998, "times": [1.0032095134999999, 1.1714019135, 1.0537506134999999, 1.0862364135, 1.0159606134999999], "command": "jekyll build --config base.yml --source md", "user": 0.9279999999999997, "stddev": 0.06729718819412152, "mean": 1.0661118134999998}, {"min": 0.9755839135000001, "max": 0.9986372135, "median": 0.9773318135000001, "system": 0.092, "times": [0.9755839135000001, 0.9773290135, 0.9773318135000001, 0.9986372135, 0.9816777135], "command": "jekyll build --config base.yml --source adoc", "user": 0.8779999999999999, "stddev": 0.009508080013178245, "mean": 0.9821119335}]}, "hugo": {"results": [{"min": 0.0674345, "max": 0.0720624, "median": 0.070684, "system": 0.05199999999999999, "times": [0.0720624, 0.070684, 0.0711989, 0.0674345, 0.0705002], "command": "hugo --config=md/config.toml --contentDir=md/content", "user": 0.057999999999999996, "stddev": 0.0017524141391235134, "mean": 0.07037600000000001}, {"min": 4.9820339, "max": 5.1788962000000005, "median": 5.0626483, "system": 1.126, "times": [5.115484100000001, 5.0031124, 5.0626483, 4.9820339, 5.1788962000000005], "command": "hugo --config=adoc/config.toml --contentDir=adoc/content", "user": 4.696, "stddev": 0.08090267697225495, "mean": 5.068434980000001}, {"min": 9.4583871, "max": 10.5174341, "median": 9.707925999999999, "system": 1.6300000000000001, "times": [9.707925999999999, 10.5174341, 9.8024422, 9.4979821, 9.4583871], "command": "hugo --config=rst/config.toml --contentDir=rst/content", "user": 9.396, "stddev": 0.42751004395920905, "mean": 9.7968343}]}}