{"jekyll": {"results": [{"min": 1.0056998655, "max": 1.0337062655, "median": 1.0230236655, "system": 0.098, "times": [1.0056998655, 1.0230236655, 1.0331927655000002, 1.0337062655, 1.0118178655], "command": "jekyll build --config base.yml --source md", "user": 0.9079999999999998, "stddev": 0.012564060927582311, "mean": 1.0214880855000001}, {"min": 0.9683125655, "max": 1.0892519655000001, "median": 1.0018995655, "system": 0.10600000000000001, "times": [1.0670187655, 0.9966304655, 0.9683125655, 1.0018995655, 1.0892519655000001], "command": "jekyll build --config base.yml --source adoc", "user": 0.9099999999999999, "stddev": 0.051100649727180626, "mean": 1.0246226655}]}, "hugo": {"results": [{"min": 0.0694932515, "max": 0.07227045150000001, "median": 0.07196785150000001, "system": 0.052000000000000005, "times": [0.07196785150000001, 0.0699715515, 0.07227045150000001, 0.0694932515, 0.07205455150000001], "command": "hugo --config=md/config.toml --contentDir=md/content", "user": 0.055999999999999994, "stddev": 0.0013111112450894498, "mean": 0.0711515315}, {"min": 4.9477476515, "max": 5.3575531515, "median": 4.9987789515, "system": 1.076, "times": [4.968492851500001, 4.9987789515, 4.9477476515, 5.2867360515, 5.3575531515], "command": "hugo --config=adoc/config.toml --contentDir=adoc/content", "user": 4.831999999999999, "stddev": 0.19443577589805064, "mean": 5.1118617315}, {"min": 9.1801200515, "max": 12.225821651499999, "median": 9.6650652515, "system": 1.7600000000000002, "times": [9.8318035515, 9.1801200515, 9.6650652515, 12.225821651499999, 9.4968589515], "command": "hugo --config=rst/config.toml --contentDir=rst/content", "user": 9.614, "stddev": 1.2235358867758361, "mean": 10.0799338915}]}}