{
    "jekyll": {
        "stats": {
            "i": 160, 
            "s": 39474, 
            "fk": 8621, 
            "id": "jekyll", 
            "f": 7029
        }, 
        "data": {
            "Markdown": [
                1.2258507713333333, 
                2.761032365166667, 
                18.088846647666667
            ], 
            "AsciiDoc": [
                1.3289999046666667, 
                3.5409300985, 
                25.819882381
            ]
        }
    }, 
    "hugo": {
        "data": {
            "Markdown": [
                0.09378963783333334, 
                0.17916702966666667, 
                1.4666176296666666
            ], 
            "AsciiDoc": [
                0.6981157711666667, 
                5.033169463000001, 
                53.818712329666674
            ], 
            "reStructuredText": [
                1.3478116045000001, 
                10.234247329666667, 
                105.90348799633334
            ]
        }, 
        "stats": {
            "i": 435, 
            "s": 40764, 
            "fk": 4606, 
            "id": "hugo", 
            "f": 8931
        }
    }
}